[
  {
    "currencies": {
      "algorand": {
        "microAlgo": 0,
        "ALGO": 6
      }
    },
    "txId": "ZI6KEDFRSYZAY3L5PSVFQJCX7UJSPLT4OGIMBII2EXWPT5FGZXSA",
    "date": "2023-10-02T16:34:49.000Z",
    "confirmations": 1,
    "coinAmount": "58.394161 ALGO",
    "coinName": "algorand",
    "from": [
      "27D6WYEDJZHLFCLJNDJF63RFYFO32KZHOYBHET7BSVDHSTJQQI5GFN2QVI"
    ],
    "data": {
      "reward": false,
      "rewardAmount": "0",
      "memo": "",
      "unparsed": false
    },
    "version": 1
  },
  {
    "currencies": {
      "algorand": {
        "microAlgo": 0,
        "ALGO": 6
      }
    },
    "txId": "6E6IYPMU25NLPQQHULV7T6SF5MWCMT2GV6VBO2C5C3RIULCXWVYA",
    "date": "2024-09-29T03:26:03.000Z",
    "confirmations": 1,
    "coinAmount": "626.752867 ALGO",
    "coinName": "algorand",
    "from": [
      "LWUWBZPVBS24TDBDZ72LUYJJF75KUJ3IUP6YGG45PVKGNAJYRGQD5CSCPA"
    ],
    "data": {
      "reward": false,
      "rewardAmount": "0",
      "memo": "",
      "unparsed": false
    },
    "version": 1
  },
  {
    "currencies": {
      "algorand": {
        "microAlgo": 0,
        "ALGO": 6
      }
    },
    "txId": "64MY53ZY2WULMDVP3HQXJPTM6LHQK3SKOL2MQG27OQICUX2HDE4A",
    "date": "2024-09-29T03:31:07.000Z",
    "confirmations": 1,
    "coinAmount": "0.000001 ALGO",
    "coinName": "algorand",
    "from": [
      "LWUNZUIHYYE6KCAU2T3YMAWBSNL4ITE2DNBC4XLGJHOPR6JSI3HLD3PLTY"
    ],
    "data": {
      "reward": false,
      "rewardAmount": "0",
      "memo": "",
      "unparsed": false
    },
    "version": 1
  }
]
