[
  {
    "currencies": {
      "bcash": {
        "satoshis": 0,
        "BCH": 8
      }
    },
    "txId": "b09f05e371dff6195651e772a9d8efd7e1165a04c0531944937458abbd8a9768",
    "date": "2023-10-02T15:03:59.000Z",
    "confirmations": 1,
    "dropped": false,
    "coinAmount": "0.02759491 BCH",
    "coinName": "bcash",
    "from": [
      "qrfdvf22etdwxeg5p6evy9c83e0yleegxcvqjc85yh"
    ],
    "data": {
      "feePerKB": null,
      "blocksSeen": 0
    },
    "addresses": [
      {
        "address": "qq52596k3k65msgqc2ruquc6mujyz5majux37vquym",
        "meta": {
          "path": "m/0/0"
        }
      }
    ],
    "version": 1
  },
  {
    "currencies": {
      "bcash": {
        "satoshis": 0,
        "BCH": 8
      }
    },
    "txId": "061a5499fad20dc63aa385b7602118a8d1705f4378226d0b726bba2c7ef3acb8",
    "date": "2024-09-29T04:01:11.000Z",
    "confirmations": 1,
    "dropped": false,
    "coinAmount": "0.04656143 BCH",
    "coinName": "bcash",
    "from": [
      "qq4vq6xt5g8qtpcwvt4lgfzfvk43hd0ewckd5s2qzq"
    ],
    "data": {
      "feePerKB": null,
      "blocksSeen": 0
    },
    "addresses": [
      {
        "address": "qq52596k3k65msgqc2ruquc6mujyz5majux37vquym",
        "meta": {
          "path": "m/0/0"
        }
      }
    ],
    "version": 1
  }
]
