[
  {
    "currencies": {
      "bitcoin": {
        "satoshis": 0,
        "bits": 2,
        "BTC": 8
      }
    },
    "txId": "5fec4704c8cc8d07c6be5a4169fc8c07726b638a87e55531bb69a0bda70e618d",
    "date": "2023-10-02T15:03:25.000Z",
    "confirmations": 1,
    "dropped": false,
    "coinAmount": "0.00021178 BTC",
    "coinName": "bitcoin",
    "from": [
      "bc1qlw6vmnc76sgjyc9fqun5y4mjgwtwrkqf5nha2d"
    ],
    "data": {
      "feePerKB": 24554.029304029307,
      "blocksSeen": 0
    },
    "addresses": [
      {
        "address": "bc1qseqxykmntu7r5drx56k3rqe2tpks8v8zur8ldw",
        "meta": {
          "path": "m/0/0",
          "isSegwit": true
        }
      }
    ],
    "version": 1
  }
]
