[
  {
    "currencies": {
      "digibyte": {
        "satoshis": 0,
        "DGB": 8
      }
    },
    "txId": "8f82619fcbcc265f673b3b098638d256890e8379a7fee7f23fbbc6397eecbf22",
    "date": "2024-09-30T03:07:58.000Z",
    "confirmations": 1,
    "dropped": false,
    "coinAmount": "1727.76 DGB",
    "coinName": "digibyte",
    "from": [
      "dgb1qu6rl5ta2tupt2vx5qwatadh75qkdvlpu8hhw5u"
    ],
    "data": {
      "feePerKB": 15555.555555555553,
      "blocksSeen": 0
    },
    "addresses": [
      {
        "address": "DGGY9TfBq89EgXcdMCKGTf8GhnjEVrT4ur",
        "meta": {
          "path": "m/0/0"
        }
      }
    ],
    "version": 1
  }
]
