[
  {
    "currencies": {
      "dogecoin": {
        "koinu": 0,
        "DOGE": 8
      }
    },
    "txId": "8e37d4fa133d286da138998e8b6ad002f947ce650edd057ff2b62eccbb9d98d3",
    "date": "2023-09-05T05:53:16.000Z",
    "confirmations": 1,
    "dropped": false,
    "coinAmount": "472.21784984 DOGE",
    "coinName": "dogecoin",
    "from": [
      "DBWpUbsQcDhnPibbzWDBstfQSScsnojUkR"
    ],
    "data": {
      "feePerKB": 488888888.88888896,
      "blocksSeen": 0
    },
    "addresses": [
      {
        "address": "DAJPGctMw4wdxUb8HkuHF12WtgHQdqAdtq",
        "meta": {
          "path": "m/0/0"
        }
      }
    ],
    "version": 1
  },
  {
    "currencies": {
      "dogecoin": {
        "koinu": 0,
        "DOGE": 8
      }
    },
    "txId": "8e7a0104d0c3c8f50dc5e171884f206e5af6e30d37091cb70dee2617a7ab18f2",
    "date": "2023-10-02T14:58:44.000Z",
    "confirmations": 1,
    "dropped": false,
    "coinAmount": "474.45832674 DOGE",
    "coinName": "dogecoin",
    "from": [
      "DUEnRvVqTTR3nsXMtVrEyayyuzawPKcbgD"
    ],
    "data": {
      "feePerKB": 488888888.88888896,
      "blocksSeen": 0
    },
    "addresses": [
      {
        "address": "DAJPGctMw4wdxUb8HkuHF12WtgHQdqAdtq",
        "meta": {
          "path": "m/0/0"
        }
      }
    ],
    "version": 1
  },
  {
    "currencies": {
      "dogecoin": {
        "koinu": 0,
        "DOGE": 8
      }
    },
    "txId": "fadced487ca988e961cda1ece70192627259baa9adf5e5c7bef4334bed0fe115",
    "date": "2024-09-29T03:20:57.000Z",
    "confirmations": 1,
    "dropped": false,
    "coinAmount": "903.42757679 DOGE",
    "coinName": "dogecoin",
    "from": [
      "DMJ7WwGuZ1mGrZZLiudsdENR9MXoHki8hH",
      "D86DwJpYsyV7nTP2ib5qdwGsb2Tj7LgzPP"
    ],
    "data": {
      "feePerKB": 348483142.09115285,
      "blocksSeen": 0
    },
    "addresses": [
      {
        "address": "DAJPGctMw4wdxUb8HkuHF12WtgHQdqAdtq",
        "meta": {
          "path": "m/0/0"
        }
      }
    ],
    "version": 1
  }
]
