[
  {
    "currencies": {
      "filecoin": {
        "attoFIL": 0,
        "nanoFIL": 9,
        "FIL": 18
      }
    },
    "txId": "bafy2bzacedlmnwvcegsxzxpmzx7dojh24gjz7e6n2cax7ygjr7mx5chhhkwsk",
    "date": "2023-10-02T15:18:00.000Z",
    "confirmations": 1,
    "coinAmount": "2.05700852 FIL",
    "coinName": "filecoin",
    "from": [
      "f1zyrif6x6yjpbgcyuslpijvwnxtbvdiwscgeu3fa"
    ],
    "data": {
      "from": "f1zyrif6x6yjpbgcyuslpijvwnxtbvdiwscgeu3fa",
      "to": "f176fkqu6n6g6fyf6hvpzif4up7oogbe6gxkreabq",
      "height": 3265116,
      "type": "receive"
    },
    "version": 1
  },
  {
    "currencies": {
      "filecoin": {
        "attoFIL": 0,
        "nanoFIL": 9,
        "FIL": 18
      }
    },
    "txId": "bafy2bzacebwvnwvjrixcju6g43ohibwnuuervppxwiqkdhizncykqsjma5hlk",
    "date": "2024-09-29T03:45:30.000Z",
    "confirmations": 1,
    "coinAmount": "3.70837096 FIL",
    "coinName": "filecoin",
    "from": [
      "f1zk5enkukxuyl4vdy7zxruhktmjepxjb7m6vv5pa"
    ],
    "data": {
      "from": "f1zk5enkukxuyl4vdy7zxruhktmjepxjb7m6vv5pa",
      "to": "f176fkqu6n6g6fyf6hvpzif4up7oogbe6gxkreabq",
      "height": 4309171,
      "type": "receive"
    },
    "version": 1
  }
]
