[
  {
    "currencies": {
      "hedera": {
        "tinybar": 0,
        "HBAR": 8
      }
    },
    "txId": "0.0.1917742-1727581181-649120665",
    "date": "2024-09-29T03:39:42.497Z",
    "confirmations": 1,
    "coinAmount": "1221.9118594 HBAR",
    "coinName": "hedera",
    "from": [
      "0.0.1917742"
    ],
    "data": {
      "memo": "",
      "timestamp": "1727581182.497895000",
      "txType": "CRYPTOTRANSFER",
      "hash": "3b54d4e8aa3613f94afc8c340757441f87c9d993d5b90fb5cc417e40d076d40f045050cf6efc66deb1155b18017ec63b",
      "senders": [
        "0.0.1917742"
      ],
      "recipients": [
        "0.0.800"
      ]
    },
    "version": 1
  },
  {
    "currencies": {
      "hedera": {
        "tinybar": 0,
        "HBAR": 8
      }
    },
    "txId": "0.0.2802518-1727689237-228642740",
    "date": "2024-09-30T09:41:38.549Z",
    "confirmations": 1,
    "coinAmount": "0.00001 HBAR",
    "coinName": "hedera",
    "from": [
      "0.0.2802518"
    ],
    "data": {
      "memo": "We are excited to announce a massive airdrop of DAVINCI Tokens - airdropdavinci,com",
      "timestamp": "1727689298.549171227",
      "txType": "CRYPTOTRANSFER",
      "hash": "232c3d02666b8c9d9b2e3ce7b47b0c29c63c0bf42c9012aee94874a84625bc6e2fd9027db6ca2fb5a15637debd0eb9a9",
      "senders": [
        "0.0.2802518"
      ],
      "recipients": [
        "0.0.800"
      ]
    },
    "version": 1
  }
]
