[
  {
    "currencies": {
      "litecoin": {
        "latoshis": 0,
        "LTC": 8
      }
    },
    "txId": "e050d57e71685762510bae58ed6824b81e98d352791ccb873b720747e3c14d5b",
    "date": "2023-10-02T16:26:33.000Z",
    "confirmations": 1,
    "dropped": false,
    "coinAmount": "0.1046416 LTC",
    "coinName": "litecoin",
    "from": [
      "ltc1q83pvrfynaauk4rq9k8zhpzgmh4ven6mr963sq3"
    ],
    "data": {
      "feePerKB": 3000.0000000000005,
      "blocksSeen": 0
    },
    "addresses": [
      {
        "address": "LUqQuZN28S2jpRMYQLd68R835EErBPFKjc",
        "meta": {
          "path": "m/0/0"
        }
      }
    ],
    "version": 1
  }
]
