[
  {
    "currencies": {
      "ripple": {
        "drop": 0,
        "XRP": 6
      }
    },
    "txId": "021A4F84BF8745850BE59B9D91D30236A02D08747B180E2B96BC233314BD3A6B",
    "date": "2023-09-05T05:52:40.000Z",
    "confirmations": 1,
    "coinAmount": "39.537412 XRP",
    "coinName": "ripple",
    "from": [
      "rUjfTQpvBr6wsGGxMw6sRmRQGG76nvp8Ln"
    ],
    "data": {
      "blockHeight": 82325468,
      "txType": "Payment",
      "isCreated": true
    },
    "version": 1
  },
  {
    "currencies": {
      "ripple": {
        "drop": 0,
        "XRP": 6
      }
    },
    "txId": "22DA63DD9F78F675DB2FDC7BA62FDB4BA78EBA7EEF5A42C4E225A907B07D15D9",
    "date": "2023-09-05T05:52:42.000Z",
    "confirmations": 1,
    "coinAmount": "0.000007 XRP",
    "coinName": "ripple",
    "from": [
      "rNEWSizmnEsBAFxRT8xEUhC6bAk7T3ewK"
    ],
    "data": {
      "blockHeight": 82325470,
      "txType": "Payment",
      "isCreated": false
    },
    "version": 1
  },
  {
    "currencies": {
      "ripple": {
        "drop": 0,
        "XRP": 6
      }
    },
    "txId": "E5F1BC721EDC516E684C9EE5EFFDC6BB3466134598522238273A7AFB5960F8D5",
    "date": "2023-10-02T14:52:30.000Z",
    "confirmations": 1,
    "coinAmount": "55.560877 XRP",
    "coinName": "ripple",
    "from": [
      "r4sRyacXpbh4HbagmgfoQq8Q3j8ZJzbZ1J"
    ],
    "data": {
      "blockHeight": 82942859,
      "txType": "Payment",
      "isCreated": false
    },
    "version": 1
  },
  {
    "currencies": {
      "ripple": {
        "drop": 0,
        "XRP": 6
      }
    },
    "txId": "1FFC0D9843EB171F0CB148E484BA2848266113F82D0DD4B627A969965B1A8E10",
    "date": "2024-09-29T03:23:42.000Z",
    "confirmations": 1,
    "coinAmount": "170.711776 XRP",
    "coinName": "ripple",
    "from": [
      "r4sRyacXpbh4HbagmgfoQq8Q3j8ZJzbZ1J"
    ],
    "data": {
      "blockHeight": 91070748,
      "txType": "Payment",
      "isCreated": false
    },
    "version": 1
  }
]
