[
  {
    "currencies": {
      "tronmainnet": {
        "sun": 0,
        "TRX": 6
      }
    },
    "txId": "39c6d418ec396489d6d5dbc10f5262170d128a4dfa04106ffa337986ecac77be",
    "date": "2023-09-05T04:53:18.000Z",
    "confirmations": 1,
    "coinAmount": "5 TRX",
    "coinName": "tronmainnet",
    "data": {
      "txType": "TransferContract"
    },
    "version": 1
  },
  {
    "currencies": {
      "tronmainnet": {
        "sun": 0,
        "TRX": 6
      }
    },
    "txId": "cabf592d82c0e780d3ff548f39b3b9baeb6ac3494c940b0ed7f1f6a1bf8f13ba",
    "date": "2023-09-05T05:33:39.000Z",
    "confirmations": 1,
    "coinAmount": "1148.376895 TRX",
    "coinName": "tronmainnet",
    "data": {
      "txType": "TransferContract"
    },
    "version": 1
  },
  {
    "currencies": {
      "tronmainnet": {
        "sun": 0,
        "TRX": 6
      }
    },
    "txId": "7635c58f17e610986ea6aa99b1a4a4d742d2c762284aefa884ddf884b0c990de",
    "date": "2023-09-05T05:34:00.000Z",
    "confirmations": 1,
    "coinAmount": "0.000001 TRX",
    "coinName": "tronmainnet",
    "data": {
      "txType": "TransferContract"
    },
    "version": 1
  },
  {
    "currencies": {
      "tronmainnet": {
        "sun": 0,
        "TRX": 6
      }
    },
    "txId": "41f77f5fb9f44e62c88c509cdc2e38a37b56d37fa4a141feec8ee0b64c72c967",
    "date": "2023-10-02T18:02:21.000Z",
    "confirmations": 1,
    "coinAmount": "929.499334 TRX",
    "coinName": "tronmainnet",
    "data": {
      "txType": "TransferContract"
    },
    "version": 1
  },
  {
    "currencies": {
      "tronmainnet": {
        "sun": 0,
        "TRX": 6
      }
    },
    "txId": "dac28122ba73a52a8d37572b89e7533b7362b9862fd229745786f7bd97000cbf",
    "date": "2023-12-30T09:24:45.000Z",
    "confirmations": 1,
    "coinAmount": "2460 TRX",
    "coinName": "tronmainnet",
    "data": {
      "txType": "TransferContract"
    },
    "version": 1
  },
  {
    "currencies": {
      "tronmainnet": {
        "sun": 0,
        "TRX": 6
      }
    },
    "txId": "72de8a5c4f4e5ef0746de90e74e195c9536cb3459bcc924e6c7cc0e071af15bc",
    "date": "2023-12-30T09:25:21.000Z",
    "confirmations": 1,
    "coinAmount": "0.000001 TRX",
    "coinName": "tronmainnet",
    "data": {
      "txType": "TransferContract"
    },
    "version": 1
  },
  {
    "currencies": {
      "tronmainnet": {
        "sun": 0,
        "TRX": 6
      }
    },
    "txId": "a84c84ac8c57761e97c2a0c04679942072030f19a166c7a1f7d08c54080574c4",
    "date": "2024-09-28T12:53:48.000Z",
    "confirmations": 1,
    "coinAmount": "-20 TRX",
    "coinName": "tronmainnet",
    "feeAmount": "0 TRX",
    "feeCoinName": "tronmainnet",
    "to": "TVBneajnNSniEzEWvVmiUdgAL5CsgH2gkw",
    "data": {
      "txType": "TransferContract"
    },
    "version": 1
  },
  {
    "currencies": {
      "tronmainnet": {
        "sun": 0,
        "TRX": 6
      }
    },
    "txId": "64e885d66943ced98045e1739d0e30ee670e7655ee6008a1ceca41343828c71a",
    "date": "2024-09-28T12:53:57.000Z",
    "confirmations": 1,
    "coinAmount": "0.000008 TRX",
    "coinName": "tronmainnet",
    "data": {
      "txType": "TransferContract"
    },
    "version": 1
  },
  {
    "currencies": {
      "tronmainnet": {
        "sun": 0,
        "TRX": 6
      }
    },
    "txId": "b7fe3b2cd79408caaa205113a4731ff73b50c370cb582423980d40798e749332",
    "date": "2024-09-28T12:54:24.000Z",
    "confirmations": 1,
    "coinAmount": "0.000001 TRX",
    "coinName": "tronmainnet",
    "data": {
      "txType": "TransferContract"
    },
    "version": 1
  },
  {
    "currencies": {
      "tronmainnet": {
        "sun": 0,
        "TRX": 6
      }
    },
    "txId": "5ac2f3d74b6107777af688c2f27ced83f5d439740fa3671f968c129c1581af37",
    "date": "2024-09-28T12:54:57.000Z",
    "confirmations": 1,
    "coinAmount": "0.000001 TRX",
    "coinName": "tronmainnet",
    "data": {
      "txType": "TransferContract"
    },
    "version": 1
  },
  {
    "currencies": {
      "tronmainnet": {
        "sun": 0,
        "TRX": 6
      }
    },
    "txId": "72a74874efc4c598182fece8fc748ed9e431e14fc67e2a2a89fb6e5367ae18c8",
    "date": "2024-09-28T12:55:03.000Z",
    "confirmations": 1,
    "coinAmount": "0.000008 TRX",
    "coinName": "tronmainnet",
    "data": {
      "txType": "TransferContract"
    },
    "version": 1
  },
  {
    "currencies": {
      "tronmainnet": {
        "sun": 0,
        "TRX": 6
      }
    },
    "txId": "27bb49eb130ebace4dcbcb3e6a25d4b73ff6ccedc070fedead3944eba6c6a330",
    "date": "2024-09-28T12:55:15.000Z",
    "confirmations": 1,
    "coinAmount": "-4521.77624 TRX",
    "coinName": "tronmainnet",
    "feeAmount": "0 TRX",
    "feeCoinName": "tronmainnet",
    "to": "TVBneajnNSniEzEWvVmiUdgAL5CsgH2gkw",
    "data": {
      "txType": "TransferContract"
    },
    "version": 1
  }
]
