{
  "qq52596k3k65msgqc2ruquc6mujyz5majux37vquym": {
    "address": "qq52596k3k65msgqc2ruquc6mujyz5majux37vquym",
    "path": "m/0/0",
    "utxos": [
      {
        "txId": "b09f05e371dff6195651e772a9d8efd7e1165a04c0531944937458abbd8a9768",
        "vout": 0,
        "confirmations": 1,
        "script": "76a91428aa17568db54dc100c287c0731adf2441537d9788ac",
        "value": "0.02759491 BCH"
      },
      {
        "txId": "061a5499fad20dc63aa385b7602118a8d1705f4378226d0b726bba2c7ef3acb8",
        "vout": 0,
        "confirmations": 1,
        "script": "76a91428aa17568db54dc100c287c0731adf2441537d9788ac",
        "value": "0.04656143 BCH"
      }
    ]
  }
}
