{
  "DAJPGctMw4wdxUb8HkuHF12WtgHQdqAdtq": {
    "address": "DAJPGctMw4wdxUb8HkuHF12WtgHQdqAdtq",
    "path": "m/0/0",
    "utxos": [
      {
        "txId": "8e37d4fa133d286da138998e8b6ad002f947ce650edd057ff2b62eccbb9d98d3",
        "vout": 0,
        "confirmations": 1,
        "script": "76a914389a56a0063560dfa138fbf7694a4dd543bec8fd88ac",
        "value": "472.21784984 DOGE"
      },
      {
        "txId": "8e7a0104d0c3c8f50dc5e171884f206e5af6e30d37091cb70dee2617a7ab18f2",
        "vout": 0,
        "confirmations": 1,
        "script": "76a914389a56a0063560dfa138fbf7694a4dd543bec8fd88ac",
        "value": "474.45832674 DOGE"
      },
      {
        "txId": "fadced487ca988e961cda1ece70192627259baa9adf5e5c7bef4334bed0fe115",
        "vout": 0,
        "confirmations": 1,
        "script": "76a914389a56a0063560dfa138fbf7694a4dd543bec8fd88ac",
        "value": "903.42757679 DOGE"
      }
    ]
  }
}
