{
  "accounts": {
    "exodus_0": {
      "m/44'/283'/0'": {
        "publicKey": "4cf8699aa0656192f2c261ee9ec68c2b1b6ac34a1e81de2e4a41ed8d6fe2ed9d",
        "chain": [
          0,
          0,
          0
        ]
      },
      "m/44'/637'/0'": {
        "publicKey": "6cdb0719a21fbe7ae0b881e6c749f985b1cc2dc8162bd086f2af27979d4a0b12",
        "chain": [
          0,
          0,
          0
        ]
      },
      "m/44'/111'/0'": {
        "publicKey": "027dc08fdbc3738f8e87d5baeda10f329cebecdd457af6d9f1cc9321384cc9cc26",
        "chain": [
          0,
          0,
          0
        ]
      },
      "m/44'/60'/0'": {
        "chain": [
          0,
          0,
          0
        ],
        "xpub": "xpub6DHQRuR8SHmRYhHo1sXg3LEDk69YdSvnGiEMiFPQeugskHeDCPga8hGawGmuTm3DVTr3Uh2N7W3AFoRmxyqZQ4t4KRw7bXAp77mVDPpBK44"
      },
      "m/44'/118'/0'": {
        "chain": [
          0,
          0,
          0
        ],
        "xpub": "xpub6C1yb34VG5cHk6boxUB6TdkXEhXFDHmjZM9LdNmVYAMzwLRZ4jts9dBxS5hFCYZq9vuL8KxkUCPjgQfSNfaQZ6p5RQEiRFk54uVbx3iFcvv"
      },
      "m/44'/0'/0'": {
        "chain": [
          0,
          0,
          0
        ],
        "xpub": "xpub6ByDeQTD6fUhWj87ndCc9BFd4zFaj3QfUVz6mD7Hnr6J76x76NbpnEjMQAMMEpWbafQoVc4cyS3Rh6N1b6XfLEEj1DJAcKQC6deabhMykji"
      },
      "m/84'/0'/0'": {
        "chain": [
          1,
          0
        ],
        "xpub": "xpub6BmFNVb9p9bHHY48HNFbcx8mKw6NPCArz6muUuZ8SD9j78WKoAXytBhTqEeHFK2kSRapirSz597oEZW5tMVcu5488oPUYMt9AL52ZwLzv9W"
      },
      "m/86'/0'/0'": {
        "chain": [
          0,
          0
        ],
        "xpub": "xpub6DGBPSQsBAJfUWHXDrmAtU4zBvzeSE6Ly5rygyUHKnGvghuuE8atYt3tPu3ZVknRbHYYQGPuRRvsGvREenmwfTPE9ynsAGcsAfLg7fTBPBG"
      },
      "m/44'/145'/0'": {
        "chain": [
          1,
          0,
          0
        ],
        "xpub": "xpub6CVoYHBjLc94BRvWZurt352neg8eioke58pQrSP9QJGY58x2Ths8v7U6kRgmE1uzekF8yQ7BWK4Fn8ZeFzR1gbrbvvEXfp2UTLPLr8Cv5iQ"
      },
      "m/44'/156'/0'": {
        "chain": [
          0,
          0,
          0
        ],
        "xpub": "xpub6D94cXjvyy4RcyqSa4h5mckqWRVhZnCMfR2U9C6e6khm4Bb4ovoqyfKrCNLpyGg5msoaBxrGMhUVE5C2BBn4y9L2aP4XEmLf7G8hBecRMcH"
      },
      "m/44'/236'/0'": {
        "chain": [
          0,
          0,
          0
        ],
        "xpub": "xpub6CeajZD4zuVf4McoeXeft1LHeUH8W6iM5UALyDbZ2qYUv6RSbxFwrygC3GprNktxP65gAMRMnBzqhSyRhYGJtdZWfrnZY8xfk7z3QTmfyBq"
      },
      "m/44'/714'/0'": {
        "chain": [
          0,
          0,
          0
        ],
        "xpub": "xpub6BjqUJxZijYzekNuNn2FhEUQ3dsbFgxZHWJPc8VbwCpRLW11PkSy1ThnxEeM9zCsVN91nbuoiZu1hLTJuT2CzCJKfWfQvbPMTQ4YU51bsQK"
      },
      "m/44'/1815'/0'": {
        "publicKey": "c20628481dd86a9e8478ba0fe993547e5b0f9ccba31517c36c5fc6f2f969582568fd941d4ed548ee798736dba22d18fe01b79c74c8fdb89ff128a4b452bf65d4",
        "chain": [
          0,
          0,
          0
        ]
      },
      "m/44'/5'/0'": {
        "chain": [
          0,
          0,
          0
        ],
        "xpub": "xpub6BkdvfH6m1QgqhiCcpNWGCeBox2HGnZTHaVtG8FGMJ7Txuvkqg4hmymGLu2zXWJVEh4BPdSHf6EUXwwJ3Mo2CVaqMNCdoZeAQ6sPvbpaVgJ"
      },
      "m/44'/42'/0'": {
        "chain": [
          0,
          0,
          0
        ],
        "xpub": "xpub6C3nrwtu1iMmUhgQCSGMhrARtTBPHrAdmBoCjFtS82CVwuQAK4tYew8zafZ83HJsTZEhov1iqjuQLvepj8Re5GViPu27MZefQFvZQSAijTV"
      },
      "m/44'/20'/0'": {
        "chain": [
          1,
          0,
          0
        ],
        "xpub": "xpub6BimH8XdkZcMC3v9Y5bScV4EWZ2WJbnXN8v7wWhCdR57jfeXnPcESNNZAnYLdjp8bBGnwa1PVb19Dz3mjFH9GJAJovtPcwpVwDu57W4vv2g"
      },
      "m/44'/3'/0'": {
        "chain": [
          1,
          0,
          0
        ],
        "xpub": "xpub6D94FJNw7MPABf95A9F1rEQnG6ApPTQdfqhKYWmrQg3FsQvDxeoRxnk9mFBmKGs2kXAYr7m8mgRj1MBnWFV523T6MGphyGtwQnixmKT1dfz"
      },
      "m/44'/508'/0'": {
        "publicKey": "4b4eac8738667621266c4ff9a9bf615c204775f8a08a7072952bff522c567af7",
        "chain": [
          0,
          0,
          0
        ]
      },
      "m/44'/194'/0'": {
        "chain": [
          0,
          0,
          0
        ],
        "xpub": "xpub6CvHfAiNTHcKwPr5ReQo46KKP6QpVxDmaC4F7cqj6Y6mTd6ffsgPfWwHb8VgR582DhNkJi1Z7cbjUrvjbuEAVpzaEUhv4QiVZFLv1rJ4mkG"
      },
      "m/44'/61'/0'": {
        "chain": [
          0,
          0,
          0
        ],
        "xpub": "xpub6BkY6TWkskToJ6PcqBdd2wwNFKb7yWVYVbuhFjQcSkjnPWuV8VhYU8HVeJnhZaHDtenMNLpssdsEmtuu4TymMvdM6yo7jRT2PGgqwDUGLMB"
      },
      "m/44'/461'/0'": {
        "chain": [
          0,
          0,
          0
        ],
        "xpub": "xpub6CSQy91J1pT7a3KRscxpzAKsZbewKNxdhCx2MTJBZZRWkB8SwM3Ua5u7cax1D2QBSSCTbmSqpkoU6B11PqkCTiZuNfydoDSN1ma9eLHNupd"
      },
      "m/44'/3030'/0'": {
        "publicKey": "926bcd3e2e8b57890eeb1d79364cec147dd5cfa3384e41ff6cda3d602122b728",
        "chain": [
          0,
          0,
          0
        ]
      },
      "m/44'/74'/0'": {
        "publicKey": "39ae1fc8f5b4d8607f9a2bb9d6ef4792c69b9483e27ae5544ef33cba6ef96148a5ed844eaa05492dc94ad6144de9facd165ec89fe8687e2085755cfb6c5d26e5",
        "chain": [
          0,
          0,
          0
        ]
      },
      "m/44'/459'/0'": {
        "chain": [
          0,
          0,
          0
        ],
        "xpub": "xpub6C5TUe5VVoj5iZnonio6HRkoZJEzDLCD64gbZyy7bBYkxqRm2UtLhxUDqz1zZscvUFH6YZ65ytZdanQMvDjphNk8vKRnS3Ti6usXFn97ijA"
      },
      "m/44'/134'/0'": {
        "publicKey": "e760b8277b9e8457c1b64afd7875c91bc84da2cd0fa8979cfb66b6cec59b9f7b",
        "chain": [
          0,
          0,
          0
        ]
      },
      "m/44'/2'/0'": {
        "chain": [
          1,
          0,
          0
        ],
        "xpub": "xpub6Cb55BhtmY3cDQyQafuL5LNP9u3cxyoxmrv9Px4b8XEpVTGyFw9DUZ8HFMiMSQhk7VpFBTUFrKT5GLNS6tvnbhEgx8uR1efRzNZ343veMti"
      },
      "m/44'/256'/0'": {
        "publicKey": "b7a19460d004fdb65b01af4c20e01bd6b5911df306a1eebfbcfa5c9913445132",
        "chain": [
          0,
          0,
          0
        ]
      },
      "m/44'/43'/0'": {
        "publicKey": "fd6e42f8157ae1398e3fbbd92c3b7b49a7b28676b9a30ea3b2fccd99d0bb24b7",
        "chain": [
          0,
          0,
          0
        ]
      },
      "m/44'/888'/0'": {
        "publicKey": "03dd056f70a5c5b84e4815ad2f96ade060d49c33f169afaaadec30c43e64084f12",
        "chain": [
          0,
          0,
          0
        ]
      },
      "m/44'/1024'/0'": {
        "publicKey": "1419032b5a3e9a1ba327e2f2be68e3a3aaed69810538542b6edda9414dc2469c01ce",
        "chain": [
          0,
          0,
          0
        ]
      },
      "m/44'/354'/0'": {
        "publicKey": "bda4aaa9e654aa035d1d2890435cea004b1484565e1cf564b8375c41d53e6adf",
        "chain": [
          0,
          0,
          0
        ]
      },
      "m/44'/2301'/0'": {
        "chain": [
          0,
          0,
          0
        ],
        "xpub": "xpub6By93JWPdDRcf8BDiWeofrVbY5dqWQkaJ894qna1QRGVMgSkBSLG6vyZKxDNie16ovbbdvMfUahgUiJYPHLScvULhwFtcK5cvjuV1nMs8qn"
      },
      "m/44'/175'/0'": {
        "chain": [
          0,
          0,
          0
        ],
        "xpub": "xpub6DNvtwWX4okiusGNSyV5mvsChpaByohHPsbZQm8oh7WZ7JTDw5d3FXs7YxbBjdJvWdar3VwaJG5nTsxLCPN1U9VJbFvi3wvNuJpMSt8F9mA"
      },
      "m/44'/501'/0'": {
        "publicKey": "29c5684fa1030c5156ce9ded2acf0026c09ad890ec52e08454cb53b35d9efeeb",
        "chain": [
          0,
          0,
          0
        ]
      },
      "m/44'/148'/0'": {
        "publicKey": "deb846a4978154472794ff293790eda50c13691d8f7cb347a087722cf4bfaed8",
        "chain": [
          0,
          0,
          0
        ]
      },
      "m/44'/330'/0'": {
        "publicKey": "02fd786c41127cec26ce51aedb62fae98be4080fe8d9581552c1fdbebd295abb1d",
        "chain": [
          0,
          0,
          0
        ]
      },
      "m/44'/1729'/0'": {
        "publicKey": "47ce8a90de9c32e204a145a6857a49ee6d4581fe12491200a9fbc6b11834ba83",
        "chain": [
          0,
          0,
          0
        ]
      },
      "m/44'/500'/0'": {
        "publicKey": "f92da6afab79024c0393a156ad384f3ed01725386d40426e645730cee456b9476dbc7d75ad407bd3862cefd2327343fd83e3b538892917e81b34d952c6a6c95c",
        "chain": [
          0,
          0,
          0
        ]
      },
      "m/44'/195'/0'": {
        "chain": [
          0,
          0,
          0
        ],
        "xpub": "xpub6CBmMrmN66dTwscNpyAyazeZvhLEHZgB5WrhvG2oswEuwiN6xrAwoNnS9p4rvUXEyhg37wEGPYEoega82Z9T3qkPkhrTZwXB6ohAHhYvCpR"
      },
      "m/44'/818'/0'": {
        "publicKey": "04df700929db70eb7ec1a4e85a146eddb82c5be8a6c07e24567f6d3e82250b5600434e2098b6a59e7dd6f7108633e3ae6655f444482a917c4b361653299773c3da",
        "chain": [
          0,
          0,
          0
        ]
      },
      "m/44'/28'/0'": {
        "chain": [
          0,
          0,
          0
        ],
        "xpub": "xpub6CJUdFTmknZtWWkCLpR6f27kwmiWA5xASNmuNsjSXDZVTxnMEbgrhi5zHGjVcSbEevbRiqUHGZBMh4WFKqTcqzjncFuppGoASTcULUEokgp"
      },
      "m/44'/5741564'/0'": {
        "publicKey": "af590e7dc798b70f91993c85adfdb6363ac2b9bf3e7115819c24a9ebf223fc66",
        "chain": [
          0,
          0,
          0
        ]
      },
      "m/44'/144'/0'": {
        "chain": [
          0,
          0,
          0
        ],
        "xpub": "xpub6BmHRJqyZtvbZZQMVx19SRpd3cUUfQDFEAcErWwmAmuASgbGuyzfxrv8NfJLRuuagh4fb2sPj6nGiHMfzdjK6JmPBMku42nMTuHDTq1Zsw8"
      },
      "m/44'/133'/0'": {
        "chain": [
          0,
          0,
          0
        ],
        "xpub": "xpub6BogeWQg97GzsPufY66SgBifCTSrjZ8hjkaMRmZwPyiaLcAmrDCUSGDYN9rosTFd19wo33MeVAsNLP7TM9Fcp7S14X3jgM92kNH81GBSAza"
      },
      "m/44'/313'/0'": {
        "publicKey": "03e8eb1e3e35bddf35de19c58664ef31aefd19a50a3e43b5348376618280d877c2",
        "chain": [
          0,
          0,
          0
        ]
      }
    }
  },
  "walletAccounts": {
    "exodus_0": {
      "source": "exodus",
      "index": 0,
      "label": "Exodus",
      "color": "#ff3974",
      "icon": "investing",
      "enabled": true
    }
  }
}
