{
  "exodus_0": {
    "zerox": "0 ZRX",
    "oneinch": "0 1INCH",
    "_1inch": "0 _1inch_1INCH",
    "1inch_bsc_61c44543": "0 1INCHbsc61C44543",
    "aave": "0 AAVE",
    "aave_matic_bfdf3c37": "0 AAVEmaticBFDF3C37",
    "_aave": "0 _aave_AAVE",
    "ghst_matic_d2b95a36": "0 GHSTmaticD2B95A36",
    "aeron": "0 ARN",
    "aion": "0 AION",
    "airswap": "0 AST",
    "alchemix": "0 ALCX",
    "ach_ethereum_fbad19a6": "0 ACHethereumFBAD19A6",
    "gems_algorand_60d192b2": "0 GEMSalgorand60D192B2",
    "algorand": "685.147029 ALGO",
    "stbl_algorand": "0 STBL",
    "tlm_bsc_8df4c3e8": "0 TLMbsc8DF4C3E8",
    "alpaca_bsc_5a5767ef": "0 ALPACAbsc5A5767EF",
    "amp": "0 AMP",
    "forth_ethereum_52c00d9e": "0 FORTHethereum52C00D9E",
    "anchorprotocol_terra": "0 ANCLUNA",
    "anchorust_terra": "0 aUSTLUNA",
    "ankr": "0 ANKR",
    "ape": "0 APE",
    "api3": "0 API3",
    "aptos": "0 APT",
    "aragonv2": "0 ANT",
    "aragon": "0 ANTv1",
    "arb_ethereumarbone_aa4791c0": "0 ARBethereumarboneAA4791C0",
    "ark": "0 ARKtoshis",
    "ali_ethereum_9ae8d1eb": "0 ALIethereum9AE8D1EB",
    "audius": "0 AUDIO",
    "audius_solana": "0 AUDIOSOL",
    "_audius": "0 _audius_AUDIO",
    "augurv2": "0 REP",
    "augur": "0 REPv1",
    "aurora_aurora_4cb82266": "0 AURORAaurora4CB82266",
    "aury_solana_c9e04412": "0 AURYsolanaC9E04412",
    "avalanchec": "0 AVAXC",
    "avax_bsc_6383077e": "0 AVAXbsc6383077E",
    "_avalanchec": "0 _avalanchec_AVAXC",
    "axelar": "0 AXL",
    "axieinfinity": "0 AXS",
    "_axieinfinity": "0 _axieinfinity_AXS",
    "balancer": "0 BAL",
    "bancor": "0 BNT",
    "band_ethereum_a9ddc2a2": "0 BANDethereumA9DDC2A2",
    "bed_ethereum_547c6048": "0 BEDethereum547C6048",
    "bat": "0 BAT",
    "qi_avalanchec_19fd2065": "0 QIavalanchec19FD2065",
    "savax_avalanchec_4c4408bd": "0 SAVAXavalanchec4C4408BD",
    "binance": "0 BNBOLD",
    "_bnb": "0 _bnb_BNB",
    "busd": "0 BUSD",
    "busd_bnbmainnet": "0 BUSDBNB",
    "busd_bsc": "0 BUSDBSC",
    "_busd": "0 _busd_BUSD",
    "bnx_bsc_08fb5f48": "0 BNXbsc08FB5F48",
    "bsw_bsc_1af7c444": "0 BSWbsc1AF7C444",
    "bitcoin": "0.00021178 BTC",
    "bcash": "0.07415634 BCH",
    "bgold": "0 BTG",
    "bitcoinregtest": "0 BTCR",
    "bitcoinsv": "0 BSV",
    "bitcointestnet": "0 BTCT",
    "bit_ethereum_9656e191": "0 BITethereum9656E191",
    "brise_bsc_41a56649": "0 BRISEbsc41A56649",
    "bittorrentv2": "24625703100000000000000000 base",
    "_bittorrent": "0 _bittorrent_BTT",
    "blok_matic_79cb78bc": "0 BLOKmatic79CB78BC",
    "blur_ethereum_ef097961": "0 BLURethereumEF097961",
    "bnbmainnet": "0 BNB",
    "bsc": "0 wei",
    "bnktothefuture": "0 BFT",
    "beth_terra": "0 BETHLUNA",
    "bluna_terra": "0 BLUNALUNA",
    "bone_ethereum_1cdd7eb5": "0 BONEethereum1CDD7EB5",
    "eche_solana_c5cba5c4": "0 ECHEsolanaC5CBA5C4",
    "dezx_solana_3b523050": "0 DEZXsolana3B523050",
    "usdte_avalanchec_7d310603": "0 USDTEavalanchec7D310603",
    "cardano": "0 ADA",
    "ada_bsc_db5f96ab": "0 ADAbscDB5F96AB",
    "_cardano": "0 _cardano_ADA",
    "7atg_solana_3506aeb0": "0 7ATGsolana3506AEB0",
    "ceek_ethereum_63dd5f1b": "0 CEEKethereum63DD5F1B",
    "celr_bsc_af903611": "0 CELRbscAF903611",
    "chainlink": "0 LINK",
    "link_ethereumarbone_63f7deae": "0 LINKethereumarbone63F7DEAE",
    "link_matic_0fc0671d": "0 LINKmatic0FC0671D",
    "_chainlink": "0 _chainlink_LINK",
    "chiliz": "0 CHZ",
    "chr_bsc_03abf483": "0 CHRbsc03ABF483",
    "civic": "0 CVC",
    "cbeth_ethereum_32621dca": "0 CBETHethereum32621DCA",
    "compound": "0 COMP",
    "cdai": "0 CDAI",
    "cvx": "0 CVX",
    "8hgy_solana_43b58185": "0 8HGYsolana43B58185",
    "cosmos": "0 ATOM",
    "coti": "0 COTI",
    "cronos": "0 wei",
    "cro": "0 CRO",
    "crv": "0 CRV",
    "mcd": "0 DAI",
    "dai_matic_845af41b": "0 DAImatic845AF41B",
    "_dai": "0 _dai_DAI",
    "dai_optimism_6343ae93": "0 DAIoptimism6343AE93",
    "dai_bsc_709f85b7": "0 DAIbsc709F85B7",
    "radar_ethereum_e4d48030": "0 RADARethereumE4D48030",
    "dash": "0 DASH",
    "decentraland": "0 MANA",
    "decred": "0 DCR",
    "dpi_ethereum_73d71d4e": "0 DPIethereum73D71D4E",
    "dent": "0 DENT",
    "dentacoin": "0 DCN",
    "digibyte": "1727.76 DGB",
    "digix": "0 DGD",
    "dseth_ethereum_632b10c9": "0 DSETHethereum632B10C9",
    "dodo_bsc_afd0876f": "0 DODObscAFD0876F",
    "leash_ethereum_562b149d": "0 LEASHethereum562B149D",
    "dogecoin": "1850.10375337 DOGE",
    "dydx": "0 DYDX",
    "eden": "0 EDEN",
    "elrond": "0 EGLD",
    "enjincoin": "0 ENJ",
    "eosio": "0 EOS",
    "ethereum": "0 ETH",
    "ethereumarbone": "0 wei",
    "ethereumarbnova": "0 ETHARBN",
    "aurora": "0 wei",
    "basemainnet": "0 wei",
    "eth_bsc_f1d2a904": "0 ETHbscF1D2A904",
    "optimism": "0 wei",
    "_ethereum": "0 _ethereum_ETH",
    "ethereumclassic": "0 ETC",
    "ethereumholesky": "0 HOETH",
    "ens": "0 ENS",
    "exit": "0 EXIT",
    "fantommainnet": "0 wei",
    "_fantom": "0 _fantom_FTM",
    "fantom": "0 FTM",
    "fet_ethereum_6609900b": "0 FETethereum6609900B",
    "filecoin": "5.76537948 FIL",
    "flare": "0 wei",
    "floki_bsc_c4112b36": "0 FLOKIbscC4112B36",
    "flux_bsc_2e3e61bf": "0 FLUXbsc2E3E61BF",
    "fox": "0 FOX",
    "fusdt_fantommainnet_b94eea88": "0 FUSDTfantommainnetB94EEA88",
    "frax": "0 FRAX",
    "frax_share": "0 FXS",
    "funfair": "0 FUN",
    "gns_matic_4ae7a3c1": "0 GNSmatic4AE7A3C1",
    "gala_ethereum_3e0e1736": "0 GALAethereum3E0E1736",
    "geminidollar": "29 GUSD",
    "gene_solana_c9e04412": "0 GENEsolanaC9E04412",
    "gtceth_ethereum_b84cb504": "0 GTCETHethereumB84CB504",
    "gmx_ethereumarbone_34725f35": "0 GMXethereumarbone34725F35",
    "gmx_avalanchec_c7b658d1": "0 GMXavalanchecC7B658D1",
    "gnosis": "0 GNO",
    "golemv2": "0 GLM",
    "golem": "0 GNT",
    "_gmt": "0 _gmt_GMT",
    "gst_bsc": "0 GSTBSC",
    "hedera": "1221.9118694 HBAR",
    "hyeth_ethereum_738a0cc3": "0 HYETHethereum738A0CC3",
    "high_bsc_1204b987": "0 HIGHbsc1204B987",
    "holo": "0 HOT",
    "huobi": "0 HT",
    "iconmainnet": "0 ICX",
    "icon": "0 ICXv1",
    "iexec": "0 RLC",
    "illuvium": "0 ILV",
    "imx": "0 IMX",
    "btc2x_ethereum_d8e5f533": "0 BTC2XethereumD8E5F533",
    "cdeti_ethereum_cefd40e4": "0 CDETIethereumCEFD40E4",
    "eth2x_ethereum_5ac9bb7d": "0 ETH2Xethereum5AC9BB7D",
    "ic21_ethereum_adbaef80": "0 IC21ethereumADBAEF80",
    "inj_bsc_47753064": "0 INJbsc47753064",
    "injective": "0 INJ",
    "iceth_ethereum_9e606246": "0 ICETHethereum9E606246",
    "iota_bsc_32b417ef": "0 IOTAbsc32B417EF",
    "iotx_bsc_3d250dac": "0 IOTXbsc3D250DAC",
    "jasmy_ethereum_2c1e076b": "0 JASMYethereum2C1E076B",
    "joe_avalanchec_872bcd49": "0 JOEavalanchec872BCD49",
    "jupy_solana_ed7ebe51": "0 JUPYsolanaED7EBE51",
    "just_tron": "0 JSTTRX",
    "kava": "0 KAVA",
    "kinx_solana_bf1442d2": "0 KINXsolanaBF1442D2",
    "kyberv2": "0 KNC",
    "lidodao": "0 LDO",
    "steth": "0 STETH",
    "stmatic_matic_bac42ee5": "0 STMATICmaticBAC42EE5",
    "7dhb_solana_c9e04412": "0 7DHBsolanaC9E04412",
    "lina_bsc_e410b173": "0 LINAbscE410B173",
    "lqty_ethereum_126a91b0": "0 LQTYethereum126A91B0",
    "lisk": "0 LSK",
    "litecoin": "0.1046416 LTC",
    "ltc_bsc_2a538e9a": "0 LTCbsc2A538E9A",
    "_litecoin": "0 _litecoin_LTC",
    "livepeer": "0 LPT",
    "looks_ethereum_222f7656": "0 LOOKSethereum222F7656",
    "loomv2": "0 LOOM",
    "loopring": "0 LRC",
    "lyxe_ethereum_00e25dfc": "0 LYXEethereum00E25DFC",
    "magic_ethereumarbone_57601877": "0 MAGICethereumarbone57601877",
    "maker": "0 MKR",
    "mang_solana_c5cba5c4": "0 MANGsolanaC5CBA5C4",
    "msol_solana_c9e04412": "0 MSOLsolanaC9E04412",
    "mask_ethereum_c2890c79": "0 MASKethereumC2890C79",
    "matic_bsc_4cef25c8": "0 MATICbsc4CEF25C8",
    "mdx_bsc_d000e0cd": "0 MDXbscD000E0CD",
    "mean_solana_c5cba5c4": "0 MEANsolanaC5CBA5C4",
    "mdt_ethereum_1bb644a2": "0 MDTethereum1BB644A2",
    "metal": "0 MTL",
    "mvx_matic_60b5e17b": "0 MVXmatic60B5E17B",
    "mvi_ethereum_6e405dad": "0 MVIethereum6E405DAD",
    "metis_ethereum_54dc1156": "0 METISethereum54DC1156",
    "mirror_terra": "0 MIRLUNA",
    "mithril": "0 MITH",
    "mbox_bsc": "0 MBOXBSC",
    "monero": "0 XMR",
    "mxc_ethereum_c4923be4": "0 MXCethereumC4923BE4",
    "alice_bsc_06579e0c": "0 ALICEbsc06579E0C",
    "nano": "0 NANO",
    "near_bsc_02be202a": "0 NEARbsc02BE202A",
    "nem": "0 XEM",
    "neo": "0 NEO",
    "neogas": "0 GAS",
    "nexo_ethereum_fe4d2476": "0 NEXOethereumFE4D2476",
    "numeraire": "0 NMR",
    "ocean_ethereum_1abd4fcf": "0 OCEANethereum1ABD4FCF",
    "olympusv2": "0 OHM",
    "omisego": "0 OMG",
    "ontology": "0 ONT",
    "ontologygas": "0 uONG",
    "op_optimism_4a7ee59d": "0 OPoptimism4A7EE59D",
    "opul_algorand_35471831": "0 OPULalgorand35471831",
    "orca_solana": "0 ORCASOL",
    "ousd_ethereum_48fcf72d": "0 OUSDethereum48FCF72D",
    "ogn_ethereum_fcc7cc39": "0 OGNethereumFCC7CC39",
    "osmosis": "0 OSMO",
    "pancakeswap": "0 CAKE",
    "png_avalanchec_4c320d14": "0 PNGavalanchec4C320D14",
    "paxgold": "0 PAXG",
    "paxos": "0 PAX",
    "pyusd_ethereum_871d3761": "0 PYUSD",
    "2b1k_solana_f3924eb0": "0 2B1KsolanaF3924EB0",
    "pepe_ethereum_22ed551c": "0 PEPEethereum22ED551C",
    "perp_ethereum_c75f71b4": "0 PERPethereumC75F71B4",
    "pillar": "0 PLR",
    "polkadot": "0 DOT",
    "matic": "0 wei",
    "polygon": "0 MATIC",
    "_matic": "0 _matic_MATIC",
    "populous": "0 PPT",
    "powerledger": "0 POWR",
    "gal_bsc": "0 GALBSC",
    "qtumignition": "0 QTUM",
    "qtum": "0 QTUMOLD",
    "quant": "0 QNT",
    "quantstamp": "0 QSP",
    "rdnt_ethereumarbone_58d922a3": "0 RDNTethereumarbone58D922A3",
    "rarible": "0 RARI",
    "ravencoin": "0 RVN",
    "raydium": "0 RAY",
    "reef_bsc_d662ee25": "0 REEFbscD662EE25",
    "ren": "0 REN",
    "render": "0 RNDR",
    "rndr_solana_4b3ba195": "0 RNDRsolana4B3BA195",
    "_render": "0 _render_RNDR",
    "request": "0 REQ",
    "rsr_ethereum_a5eb8f84": "0 RSRethereumA5EB8F84",
    "revainnew": "0 REV",
    "revain": "0 REVOLD",
    "ripio": "0 RCN",
    "reth_ethereum_40b16905": "0 RETHethereum40B16905",
    "rpl_ethereum_2f6fb917": "0 RPLethereum2F6FB917",
    "rlb_ethereum_a7e53179": "0 RLBethereumA7E53179",
    "rootstock": "0 wei",
    "rif_rootstock_c62f668d": "0 RIFrootstockC62F668D",
    "salt": "0 SALT",
    "serum": "0 SRM",
    "shibainu": "0 SHIB",
    "shibainu_bsc": "0 SHIBBSC",
    "_shibainu": "0 _shibainu_SHIB",
    "sdao_ethereum_c59ee345": "0 SDAOethereumC59EE345",
    "agix_ethereum_84616c96": "0 AGIXethereum84616C96",
    "smile_algorand": "0 SMILE",
    "smoothlovepotion": "0 SLP",
    "smoothlovepotion_solana": "0 SLPSOL",
    "_smoothlovepotion": "0 _smoothlovepotion_SLP",
    "snek_cardano_3831f600": "0 SNEKcardano3831F600",
    "solana": "0 SOL",
    "dllr_rootstock_6cfc3a7b": "0 DLLRrootstock6CFC3A7B",
    "sportx": "0 SX",
    "sportx_matic": "0 SXMATIC",
    "_sportx": "0 _sportx_SX",
    "staratlas_solana": "0 ATLASSOL",
    "poli_solana_0cc3745c": "0 POLIsolana0CC3745C",
    "status": "0 SNT",
    "stellar": "0 XLM",
    "gmt_bsc": "0 GMTBSC",
    "7i5k_solana_c9e04412": "0 7I5KsolanaC9E04412",
    "storj": "0 STORJ",
    "storm": "0 STORM",
    "stormx": "0 STMX",
    "sun_tron": "0 SUNTRX",
    "sushiswap": "0 SUSHI",
    "syn_ethereum_c7f5e6b8": "0 SYNethereumC7F5E6B8",
    "snx": "0 SNX",
    "tel_ethereum_02bc2dbb": "0 TELethereum02BC2DBB",
    "trb_ethereum_ad699fe9": "0 TRBethereumAD699FE9",
    "tenx": "0 PAY",
    "terra": "0 LUNA",
    "terrausd_terra": "0 USTLUNA",
    "test_cardano": "0 TESTADA",
    "tetherusd": "0 USDT",
    "tetherusd_algorand": "0 USDTALGO",
    "usdt_ethereumarbone_efa95268": "0 USDTethereumarboneEFA95268",
    "usdt_avalanchec_d80c1afa": "0 USDTavalanchecD80C1AFA",
    "usdt_bsc_ddedf0f8": "0 USDTbscDDEDF0F8",
    "usdt_optimism_26487766": "0 USDToptimism26487766",
    "usdt_matic_86e249c1": "0 USDTmatic86E249C1",
    "tetherusd_solana": "0 USDTSOL",
    "tetherusd_tron": "0 USDTTRX",
    "_tetherusd": "0 _tetherusd_USDT",
    "tezos": "0 XTZ",
    "thegraph": "0 GRT",
    "thegraph_solana": "0 GRTSOL",
    "_thegraph": "0 _thegraph_GRT",
    "sandbox": "0 SAND",
    "sand_matic_0472de85": "0 SANDmatic0472DE85",
    "_sand": "0 _sand_SAND",
    "theta": "0 THETA",
    "tfuel": "0 TFUEL",
    "thorchain_bnbmainnet": "0 RUNEBNB",
    "tinyusdc_algorand": "0 USDCTINY",
    "tronmainnet": "1100009 sun",
    "tru_ethereum_922b250a": "0 TRUethereum922B250A",
    "trueusd": "0 TUSD",
    "tulip_solana": "0 TULIPSOL",
    "uma": "0 UMA",
    "uniswap": "0 UNI",
    "uni_bsc_98044f4e": "0 UNIbsc98044F4E",
    "_uniswap": "0 _uniswap_UNI",
    "leo": "0 LEO",
    "usdcoin": "0 USDC",
    "usdcoin_algorand": "0 USDCALGO",
    "usdc_ethereumarbone_2e1129c4": "0 USDCethereumarbone2E1129C4",
    "usdc_avalanchec_185c8bd7": "0 USDCavalanchec185C8BD7",
    "usdc_basemainnet_b5a52617": "0 USDCbasemainnetB5A52617",
    "usdcoin_bsc": "0 USDCBSC",
    "usdc_optimism_68bb70cd": "0 USDCoptimism68BB70CD",
    "usdc_matic_0a883d9b": "0 USDCmatic0A883D9B",
    "usdcoin_solana": "0 USDCSOL",
    "usdcoin_tron": "0 USDCTRX",
    "_usdcoin": "0 _usdcoin_USDC",
    "usdd_tron": "0 USDD",
    "vechainthor": "0 VET",
    "xvs_bsc_62e8348a": "0 XVSbsc62E8348A",
    "verasity": "0 VRA",
    "vertcoin": "0 VTC",
    "vest_algorand_120e7149": "0 VESTalgorand120E7149",
    "vethor": "0 VTHO",
    "viberate": "0 VIB",
    "voyager": "0 VGXv2",
    "waves": "0 WAVES",
    "wax": "0 WAX",
    "woo_ethereum_0b749579": "0 WOOethereum0B749579",
    "worldmobil_cardano_262abe57": "0 WORLDMOBILcardano262ABE57",
    "wld_optimism_59dbb49e": "0 WLDoptimism59DBB49E",
    "wbtc": "0 WBTC",
    "wbtc_matic_298d6ace": "0 WBTCmatic298D6ACE",
    "_wbtc": "0 _wbtc_WBTC",
    "weth": "0 WETH",
    "weth_ethereumarbone_c53d6bd0": "0 WETHethereumarboneC53D6BD0",
    "weth_matic": "0 WETHMATIC",
    "_weth": "0 _weth_WETH",
    "wnxm_ethereum_52ead9a6": "0 WNXMethereum52EAD9A6",
    "toncoin_bsc_a76181ea": "0 TONCOINbscA76181EA",
    "xet_algorand_a17ef051": "0 XETalgorandA17EF051",
    "ripple": "265.810072 XRP",
    "yfi": "0 YFI",
    "ygg": "0 YGG",
    "yieldly_algorand": "0 YLDY",
    "zcash": "0 ZEC",
    "zilliqa": "0 ZIL"
  }
}
