{
  "profile": {
    "createdAt": "2023-08-08",
    "dev": false,
    "faceIdUsage": {
      "enabled": false,
      "supported": false
    },
    "mobileUser": true,
    "abandoned": false,
    "userFeedback": {
      "happiness": 1,
      "event": "startup"
    },
    "shareActivity": true,
    "favoriteAssets": {
      "ethereum": true,
      "solana": true,
      "bitcoin": true,
      "algorand": true
    },
    "profile": {
      "name": "GTI Inc",
      "nft": null
    },
    "multipleWalletAccountsEnabled": true,
    "portfolioCountFunded": 1,
    "portfolioCount": 1,
    "earliestTxDate": "2023-09-05",
    "analyticsSet": true,
    "analyticsUserId": "nDNc8c3HnDS0dB8eprJSqRLJcYcHwhq5eOEkXgT+XnM=",
    "webviewVersion": {
      "fbba3034ab109aa1d0abc4271b7e67ec": "Chrome/128.0.6613.146"
    },
    "desktopUser": true,
    "migrations": {
      "20210520-reset-assets-cursors": {
        "exodus": true
      },
      "20210527-reset-vethor-cursors": {
        "exodus": true
      }
    },
    "hasTrezor": false,
    "multipleWalletAccountsEnabledDesktop": true
  },
  "profileLoaded": true,
  "initialSyncComplete": {
    "orders": true,
    "v1_orders": true,
    "personalNotes": true
  }
}
